time_s,efficiency_global,efficiency_swept,interface_length_m,front_20pct_depth_m,back_80pct_depth_m,reynolds_casing_max,reynolds_annulus_max
0,0,nan,nan,nan,nan,875.28,1017.67
6.45166,0,nan,nan,nan,nan,875.28,1017.67
10.3227,0,nan,nan,nan,nan,875.28,1017.67
12.9033,0,nan,nan,nan,nan,875.28,1017.67
19.355,0,nan,nan,nan,nan,875.28,1017.67
20.484,0,nan,nan,nan,nan,875.28,1017.67
25.8066,0,nan,nan,nan,nan,875.28,1017.67
30.8067,0,nan,nan,nan,nan,875.28,1017.67
32.2583,0,nan,nan,nan,nan,875.28,1017.67
38.71,0,nan,nan,nan,nan,875.28,1017.67
40.968,4.95945e-173,nan,nan,nan,nan,875.28,1017.67
45.1616,9.97988e-142,nan,nan,nan,nan,875.28,1017.67
51.2907,1.03079e-114,nan,nan,nan,nan,875.28,1017.67
51.6133,1.45281e-113,nan,nan,nan,nan,875.28,1017.67
58.0649,4.83339e-94,nan,nan,nan,nan,875.28,1017.67
61.4521,8.97832e-86,nan,nan,nan,nan,875.28,1017.67
64.5166,3.82529e-79,nan,nan,nan,nan,875.28,1017.67
70.9683,3.05105e-67,nan,nan,nan,nan,875.28,1017.67
71.7747,6.4442e-66,nan,nan,nan,nan,875.28,1017.67
77.4199,1.79757e-57,nan,nan,nan,nan,875.28,1017.67
81.9361,1.30478e-51,nan,nan,nan,nan,875.28,1017.67
83.8716,2.62823e-49,nan,nan,nan,nan,875.28,1017.67
90.3232,2.1252e-42,nan,nan,nan,nan,875.28,1017.67
92.2587,1.55942e-40,nan,nan,nan,nan,875.28,1017.67
96.7749,1.6661e-36,nan,nan,nan,nan,875.28,1017.67
102.42,4.88862e-32,nan,nan,nan,nan,875.28,1017.67
103.227,1.90918e-31,nan,nan,nan,nan,875.28,1017.67
109.678,4.3614e-27,nan,nan,nan,nan,875.28,1017.67
112.743,3.13224e-25,nan,nan,nan,nan,875.28,1017.67
116.13,2.52787e-23,nan,nan,nan,nan,875.28,1017.67
122.582,4.50264e-20,nan,nan,nan,nan,875.28,1017.67
122.904,6.36529e-20,nan,nan,nan,nan,875.28,1017.67
129.033,2.87908e-17,nan,nan,nan,nan,875.28,1017.67
133.227,1.17819e-15,nan,nan,nan,nan,875.28,1017.67
135.485,7.51347e-15,nan,nan,nan,nan,875.28,1017.67
141.937,8.91315e-13,nan,nan,nan,nan,875.28,1017.67
143.388,2.36449e-12,nan,nan,nan,nan,875.28,1017.67
148.388,5.26984e-11,nan,nan,nan,nan,875.28,1017.67
153.711,9.56271e-10,nan,nan,nan,nan,875.278,1017.67
154.84,1.68213e-09,nan,nan,nan,nan,875.277,1017.67
161.292,3.11101e-08,nan,nan,nan,nan,875.251,1017.67
163.872,8.70223e-08,nan,nan,nan,nan,875.21,1017.67
167.743,3.55302e-07,nan,nan,nan,nan,875.054,1017.67
174.195,2.65851e-06,nan,nan,nan,nan,874.164,1017.67
180.647,1.38011e-05,nan,nan,nan,nan,871.552,1017.67
184.356,3.08306e-05,nan,nan,nan,nan,868.886,1017.68
187.098,5.26389e-05,nan,nan,nan,nan,866.331,1017.69
193.55,0.000156022,nan,nan,nan,nan,858.738,1017.76
194.679,0.000184592,nan,nan,nan,nan,857.256,1017.79
200.002,0.00037826,nan,nan,nan,nan,850.097,1017.98
204.842,0.000661302,nan,nan,nan,nan,843.815,1018.33
206.455,0.000783211,nan,nan,nan,nan,841.85,1018.5
212.91,0.00143349,nan,nan,nan,nan,834.856,1019.51
215.17,0.00172919,nan,nan,nan,nan,832.756,1020.01
219.369,0.00238167,nan,nan,nan,nan,829.309,1021.19
225.347,0.00355755,nan,nan,nan,nan,825.258,1023.49
225.832,0.00366619,nan,nan,nan,nan,824.966,1023.71
232.301,0.00531236,nan,nan,nan,nan,822.164,1027.17
235.539,0.00627645,0.20519,nan,376.059,nan,822.164,1029.27
238.779,0.00733673,0.220494,nan,375.355,nan,822.164,1031.63
245.266,0.00975078,0.225251,nan,374.711,nan,822.164,1037.1
245.753,0.00994776,0.22838,nan,374.44,nan,822.164,1037.55
251.763,0.0125611,0.254506,nan,370.044,nan,822.164,1043.55
255.991,0.0146002,0.267363,nan,367.995,nan,822.164,1048.27
258.27,0.0157668,0.276184,nan,365.063,nan,822.164,1050.98
264.79,0.019359,0.306086,nan,363.677,nan,822.164,1059.32
266.258,0.0202191,0.31548,nan,363.505,nan,822.164,1061.32
271.32,0.0233233,0.312778,nan,361.667,nan,822.164,1068.48
276.554,0.026752,0.332483,nan,359.536,nan,822.164,1076.27
277.863,0.027644,0.334543,nan,358.983,nan,822.164,1078.27
284.418,0.0323064,0.35132,nan,356.666,nan,822.164,1088.53
286.715,0.0340163,0.364885,nan,356.259,nan,822.164,1092.21
290.984,0.0372958,0.367227,nan,355.192,nan,822.164,1099.1
297.068,0.0421864,0.387118,nan,353.876,nan,822.164,1109.04
297.562,0.0425941,0.383087,nan,353.718,nan,822.164,1109.85
304.15,0.0481785,0.399604,nan,350.306,nan,822.164,1120.67
307.283,0.0509237,0.402986,nan,349.612,nan,822.164,1125.79
310.749,0.0540221,0.421445,nan,349.041,nan,822.164,1131.41
317.358,0.0600955,0.4405,nan,348.192,nan,822.164,1141.88
317.523,0.06025,0.441343,nan,348.173,nan,822.164,1142.14
323.976,0.0663695,0.454127,nan,347.445,nan,822.164,1151.91
327.785,0.0700571,0.454207,nan,346.651,nan,822.164,1157.4
330.602,0.0728167,0.455376,nan,345.676,nan,822.164,1161.31
337.236,0.0794126,0.472716,nan,342.619,nan,822.164,1169.97
338.066,0.0802464,0.471661,nan,342.248,nan,822.164,1171
343.878,0.0861357,0.484085,nan,339.493,nan,822.164,1177.83
348.198,0.0905649,0.493177,nan,337.613,nan,822.164,1182.5
350.525,0.0929673,0.49327,nan,336.555,nan,822.164,1184.87
357.177,0.0998915,0.501346,nan,333.428,nan,822.164,1191.12
358.508,0.101286,0.506643,nan,333.134,nan,822.164,1192.27
363.834,0.106895,0.51445,nan,331.209,nan,822.164,1196.6
368.663,0.112016,0.51959,nan,328.822,nan,822.164,1200.15
370.496,0.113967,0.520294,nan,327.601,nan,822.164,1201.4
377.16,0.121097,0.530056,nan,323.946,nan,822.164,1205.57
378.994,0.123068,0.52892,nan,322.9,nan,822.164,1206.61
383.828,0.12828,0.536286,nan,320.741,nan,822.164,1209.19
389.164,0.134061,0.535188,nan,319.04,nan,822.164,1211.73
390.498,0.135511,0.539587,nan,318.716,nan,822.164,1212.33
397.171,0.142786,0.545788,nan,316.459,nan,822.164,1215.08
399.507,0.145343,0.549091,nan,315.537,nan,822.164,1215.96
403.845,0.150105,0.555824,nan,313.442,nan,822.164,1217.52
409.687,0.156544,0.556901,65.4007,310.123,375.524,822.164,1219.45
410.521,0.157466,0.559379,65.4871,309.968,375.455,822.164,1219.71
417.199,0.164871,0.56542,66.7504,308.134,374.884,822.164,1221.75
419.87,0.167846,0.566103,67.3029,306.924,374.227,822.164,1222.53
423.878,0.17232,0.571353,66.1889,304.955,371.144,822.164,1223.67
430.225,0.179436,0.577171,67.8008,300.532,368.333,822.164,1225.43
430.559,0.179812,0.57463,67.7677,300.369,368.137,822.164,1225.52
437.241,0.187346,0.579892,67.781,296.285,364.066,822.164,1227.34
440.415,0.190939,0.582955,69.3486,294.416,363.765,822.164,1228.19
443.924,0.194921,0.586387,70.9676,292.424,363.392,822.164,1229.12
450.609,0.202533,0.589694,71.8112,289.405,361.217,822.164,1230.85
457.294,0.210182,0.593531,72.795,286.367,359.162,822.164,1232.53
460.805,0.21421,0.59569,73.1051,284.79,357.895,822.164,1233.39
463.981,0.217863,0.597362,73.707,283.286,356.993,822.164,1234.15
470.67,0.225574,0.601848,76.2975,279.772,356.07,822.164,1235.68
471.171,0.226154,0.603002,76.447,279.515,355.962,822.164,1235.79
477.359,0.233315,0.604738,78.2442,276.728,354.972,822.164,1237.13
481.373,0.237973,0.607717,79.6179,274.833,354.45,822.164,1237.95
484.049,0.241083,0.607389,80.2228,273.677,353.9,822.164,1238.49
490.74,0.24888,0.611217,81.3783,270.406,351.784,822.164,1239.78
491.577,0.249856,0.613007,81.4521,269.959,351.412,822.164,1239.94
497.432,0.256704,0.615171,82.8119,266.877,349.689,822.164,1241.01
501.783,0.261806,0.616426,84.4784,264.64,349.118,822.164,1241.79
504.125,0.264558,0.618716,85.3877,263.45,348.837,822.164,1242.21
510.819,0.272444,0.619125,88.1424,260.07,348.212,822.164,1243.4
511.991,0.273827,0.621476,88.6024,259.496,348.098,822.164,1243.61
517.514,0.280363,0.622405,91.0988,256.599,347.698,822.164,1244.6
522.368,0.286127,0.624327,93.1688,254.15,347.319,822.164,1245.5
524.21,0.288319,0.625307,93.8852,253.134,347.02,822.164,1245.85
530.906,0.296314,0.627268,95.3029,250.26,345.563,822.164,1247.15
532.58,0.298319,0.628086,95.6688,249.427,345.096,822.164,1247.49
537.604,0.304351,0.630538,96.6953,246.832,343.527,822.164,1248.54
542.795,0.310609,0.633097,97.9243,244.126,342.05,822.164,1249.67
544.302,0.312432,0.633431,98.2952,243.326,341.621,822.164,1250.01
551.002,0.320559,0.634847,99.2146,240.449,339.664,822.164,1251.59
553.012,0.323006,0.636049,99.5555,239.511,339.067,822.164,1252.08
557.702,0.328733,0.63754,100.496,237.349,337.846,822.164,1253.26
563.231,0.335512,0.641117,101.946,234.457,336.402,822.164,1254.71
564.404,0.336954,0.641131,102.242,233.814,336.056,822.164,1255.02
571.107,0.345223,0.642122,104.18,230.277,334.457,822.164,1256.85
573.454,0.348128,0.643963,104.432,229.025,333.456,822.164,1257.5
577.812,0.353538,0.644155,106.055,226.838,332.892,822.164,1258.72
583.679,0.36085,0.648537,106.982,224.634,331.616,822.164,1260.38
584.518,0.361897,0.647397,107.119,224.29,331.409,822.164,1260.62
591.225,0.370299,0.647161,108.345,221.375,329.72,822.164,1262.52
593.908,0.373671,0.65166,108.266,220.662,328.929,822.164,1263.27
597.933,0.378741,0.651984,108.226,219.224,327.45,822.164,1264.39
604.14,0.386585,0.650827,108.181,217.185,325.366,822.164,1266.09
604.643,0.387222,0.651658,108.115,217.089,325.204,822.164,1266.23
611.354,0.39574,0.657467,107.459,215.793,323.252,822.164,1268.01
614.542,0.399799,0.657719,107.105,215.198,322.303,822.164,1268.83
618.066,0.404293,0.657802,106.937,214.597,321.534,822.164,1269.72
624.779,0.41288,0.662814,105.966,213.472,319.439,822.164,1271.37
631.494,0.421499,0.66189,106.113,212.354,318.467,822.164,1272.96
635.019,0.426037,0.667395,106.057,211.832,317.889,822.164,1273.77
638.209,0.430149,0.665488,105.781,211.407,317.189,822.164,1274.48
644.926,0.438829,0.66856,104.935,210.569,315.504,822.164,1275.94
645.093,0.439047,0.668818,104.914,210.548,315.463,822.164,1275.98
651.643,0.447538,0.671345,103.943,209.757,313.7,822.164,1277.35
655.338,0.45234,0.676899,103.287,209.315,312.602,822.164,1278.11
658.361,0.456276,0.67376,102.484,208.99,311.474,822.164,1278.71
665.081,0.46504,0.67478,101.332,208.308,309.64,822.164,1280.03
665.585,0.465698,0.675529,101.314,208.261,309.575,822.164,1280.13
671.801,0.473829,0.684636,100.902,207.695,308.597,822.164,1281.3
675.833,0.479114,0.680817,100.265,207.364,307.629,822.164,1282.04
678.522,0.482643,0.684706,99.7491,207.15,306.899,822.164,1282.53
685.244,0.491479,0.683959,98.5669,206.554,305.121,822.164,1283.71
686.084,0.492585,0.68516,98.4013,206.472,304.873,822.164,1283.85
691.966,0.500335,0.685259,96.6152,205.903,302.518,822.164,1284.84
696.336,0.506102,0.69141,94.9809,205.487,300.468,822.164,1285.55
698.69,0.50921,0.694676,94.5846,205.268,299.852,822.164,1285.93
705.414,0.5181,0.695027,92.5411,204.619,297.16,822.164,1286.96
706.591,0.519657,0.696638,92.2829,204.508,296.791,822.164,1287.13
712.139,0.527002,0.695762,91.0578,203.968,295.026,822.164,1287.93
716.846,0.533239,0.693421,89.5816,203.527,293.108,822.164,1288.58
718.864,0.535913,0.696159,89.1275,203.347,292.474,822.164,1288.85
725.59,0.54483,0.695717,87.5542,202.76,290.314,822.164,1289.7
727.103,0.546836,0.697745,87.3236,202.628,289.951,822.164,1289.88
732.316,0.553746,0.704638,86.5891,202.182,288.771,822.164,1290.48
737.362,0.560431,0.701536,85.5937,201.796,287.39,822.164,1291.03
739.043,0.562659,0.703735,85.2267,201.676,286.903,822.164,1291.21
745.771,0.571562,0.7007,83.9627,201.208,285.171,822.164,1291.87
747.621,0.574007,0.703103,83.6059,201.089,284.695,822.164,1292.04
752.499,0.580448,0.709354,82.6274,200.782,283.41,822.164,1292.47
757.881,0.587542,0.71611,81.3697,200.455,281.825,822.164,1292.91
759.227,0.589313,0.705227,81.0076,200.37,281.378,822.164,1293.01
765.956,0.598148,0.713679,79.2933,199.944,279.237,822.164,1293.5
767.974,0.600792,0.71617,78.834,199.819,278.653,822.164,1293.64
772.684,0.606947,0.709748,77.9247,199.532,277.457,822.164,1293.95
778.236,0.614172,0.716572,76.8695,199.199,276.069,822.164,1294.28
779.414,0.6157,0.718001,76.6245,199.13,275.754,822.164,1294.35
786.143,0.624401,0.713277,75.1654,198.739,273.904,822.164,1294.72
788.498,0.627432,0.716128,74.7636,198.597,273.36,822.164,1294.84
792.873,0.63304,0.721354,73.9488,198.34,272.288,822.164,1295.06
798.761,0.640542,0.728251,72.5969,198.004,270.601,822.164,1295.33
799.603,0.641609,0.716581,72.3901,197.955,270.345,822.164,1295.37
806.333,0.650099,0.724491,70.7777,197.574,268.351,822.164,1295.67
809.025,0.653471,0.7276,70.1353,197.426,267.562,822.164,1295.78
813.063,0.658501,0.732202,69.1312,197.209,266.34,822.164,1295.95
819.289,0.666187,0.726612,67.7837,196.781,264.564,822.164,1296.2
819.794,0.666807,0.727187,67.6774,196.746,264.424,822.164,1296.22
826.524,0.675007,0.724947,66.2414,196.288,262.529,822.164,1296.48
829.553,0.67866,0.72837,65.2917,196.071,261.362,822.164,1296.59
833.255,0.683093,0.732502,64.5888,195.812,260.401,822.164,1296.74
839.649,0.690663,0.731035,63.3473,195.294,258.642,822.164,1296.98
839.986,0.691058,0.731407,63.2685,195.263,258.531,822.164,1296.99
846.717,0.698893,0.734064,61.9999,194.416,256.416,822.164,1297.24
849.915,0.702568,0.736106,62.2359,193.276,255.512,822.164,1297.36
853.448,0.706593,0.735654,62.8565,191.538,254.395,822.164,1297.49
860.18,0.71415,0.737151,63.8264,188.256,252.082,822.164,1297.74
866.912,0.721558,0.738618,65.6545,184.947,250.602,822.164,1297.98
870.446,0.725386,0.739516,66.46,183.2,249.66,822.164,1298.11
873.643,0.728813,0.740056,67.1178,181.613,248.731,822.164,1298.22
880.375,0.735909,0.741464,68.3983,178.255,246.653,822.164,1298.46
880.712,0.73626,0.74181,68.4679,178.086,246.554,822.164,1298.47
887.107,0.742844,0.742844,69.3124,175.404,244.716,822.164,1298.7
890.979,0.746758,0.746758,67.3425,175.404,242.746,822.164,1298.83
893.84,0.749615,0.749615,66.4333,175.404,241.837,822.164,1298.93
900.572,0.756219,0.756219,64.7359,175.404,240.139,822.164,1299.16
901.245,0.75687,0.75687,64.5191,175.404,239.923,822.164,1299.18
907.305,0.762655,0.762655,63.0231,175.404,238.427,822.164,1299.38
911.344,0.766436,0.766436,61.9713,175.404,237.375,822.164,1299.51
914.037,0.768923,0.768923,61.2308,175.404,236.634,822.164,1299.6
920.77,0.775024,0.775024,59.1811,175.404,234.585,822.164,1299.82
921.612,0.775775,0.775775,58.9051,175.404,234.309,822.164,1299.85
927.503,0.780958,0.780958,56.9255,175.404,232.329,822.164,1300.03
931.88,0.784727,0.784727,55.4925,175.404,230.896,822.164,1300.17
934.236,0.786728,0.786728,54.7535,175.404,230.157,822.164,1300.25
940.97,0.792336,0.792336,51.7862,175.404,227.19,822.164,1300.46
942.148,0.793301,0.793301,51.3462,175.404,226.75,822.164,1300.5
947.703,0.797785,0.797785,50.1142,175.404,225.518,822.164,1300.67
952.417,0.801507,0.801507,49.0816,175.404,224.485,822.164,1300.82
954.437,0.803079,0.803079,48.6147,175.404,224.018,822.164,1300.88
961.17,0.808222,0.808222,45.5073,175.404,220.911,822.164,1301.09
962.686,0.809358,0.809358,45.2641,175.404,220.668,822.164,1301.14
967.904,0.813218,0.813218,41.7118,175.404,217.115,822.164,1301.3
972.786,0.816751,0.816751,40.914,175.404,216.318,822.164,1301.45
974.638,0.818072,0.818072,40.6106,175.404,216.014,822.164,1301.51
981.372,0.822789,0.822789,39.3519,175.404,214.755,822.164,1301.72
983.056,0.823948,0.823948,39.1451,175.404,214.549,822.164,1301.77
988.107,0.827375,0.827375,38.4466,175.404,213.85,822.164,1301.93
993.326,0.830841,0.830841,37.481,175.404,212.884,822.164,1302.09
994.841,0.831834,0.831834,37.1669,175.404,212.57,822.164,1302.13
1001.58,0.836171,0.836171,35.9326,175.404,211.336,822.164,1302.34
1003.6,0.837449,0.837449,35.6863,175.404,211.09,822.164,1302.4
1008.31,0.840391,0.840391,35.1598,175.404,210.563,822.164,1302.54
1013.87,0.843789,0.843789,34.5386,175.404,209.942,822.164,1302.7
1015.04,0.8445,0.8445,34.3867,175.404,209.79,822.164,1302.73
1021.78,0.848502,0.848502,33.4802,175.404,208.884,822.164,1302.92
1023.97,0.84978,0.84978,33.169,175.404,208.572,822.164,1302.98
1028.51,0.852401,0.852401,32.708,175.404,208.112,822.164,1303.1
1034.24,0.855639,0.855639,32.2045,175.404,207.608,822.164,1303.25
1035.25,0.856203,0.856203,32.1423,175.404,207.546,822.164,1303.27
1041.99,0.859911,0.859911,31.7277,175.404,207.131,822.164,1303.44
1044.51,0.861277,0.861277,31.5721,175.404,206.976,822.164,1303.49
1048.72,0.863528,0.863528,31.2964,175.404,206.7,822.164,1303.59
1054.78,0.86671,0.86671,30.8848,175.404,206.288,822.164,1303.72
1055.46,0.86706,0.86706,30.8391,175.404,206.243,822.164,1303.74
1062.19,0.870508,0.870508,30.2726,175.404,205.676,822.164,1303.87
1065.05,0.871949,0.871949,30.0037,175.404,205.407,822.164,1303.92
1068.93,0.873876,0.873876,29.6815,175.404,205.085,822.164,1304
1075.16,0.876923,0.876923,29.2073,175.404,204.611,822.164,1304.1
1075.66,0.877168,0.877168,29.1689,175.404,204.572,822.164,1304.11
1082.4,0.880385,0.880385,28.5599,175.404,203.963,822.164,1304.21
1085.43,0.881809,0.881809,28.2731,175.404,203.677,822.164,1304.26
1089.13,0.883529,0.883529,27.9556,175.404,203.359,822.164,1304.31
1095.7,0.886528,0.886528,27.3943,175.404,202.798,822.164,1304.39
1095.87,0.886605,0.886605,27.379,175.404,202.783,822.164,1304.39
1102.61,0.889612,0.889612,26.7671,175.404,202.171,822.164,1304.47
1105.97,0.89109,0.89109,26.4821,175.404,201.886,822.164,1304.51
1109.34,0.892553,0.892553,26.2136,175.404,201.617,822.164,1304.54
1116.08,0.895429,0.895429,25.7212,175.404,201.125,822.164,1304.6
1116.11,0.895444,0.895444,25.7192,175.404,201.123,822.164,1304.6
1116.11,0.895444,0.895444,25.7192,175.404,201.123,822.164,1304.6
